image_number,img_path
000000002822,000000002822_0.png
000000011182,000000011182_0.png
000000012947,000000012947_0.png
000000022621,000000022621_0.png
000000016961,000000016961_0.png
000000022411,000000022411_0.png
1057089366,1057089366_0.png
1071201387,1071201387_0.png
100845130,100845130_0.png
000000056641,000000056641_0.png
000000005124,000000005124_0.png
000000012897,000000012897_0.png
000000050956,000000050956_0.png
000000002083,000000002083_0.png
000000019489,000000019489_0.png
000000065400,000000065400_0.png
000000021750,000000021750_0.png
000000024571,000000024571_0.png
000000037671,000000037671_0.png
000000061951,000000061951_0.png
000000001999,000000001999_0.png
000000011272,000000011272_0.png
000000013081,000000013081_0.png
000000010711,000000010711_0.png
000000044178,000000044178_0.png
000000010005,000000010005_0.png
000000044901,000000044901_0.png
000000020334,000000020334_0.png
000000004376,000000004376_0.png
000000012881,000000012881_0.png
000000013318,000000013318_0.png
000000001306,000000001306_0.png
000000044816,000000044816_0.png
000000015472,000000015472_0.png
000000010545,000000010545_0.png
000000026413,000000026413_0.png
000000015976,000000015976_0.png
000000061897,000000061897_0.png
000000016038,000000016038_0.png
000000044471,000000044471_0.png
000000020979,000000020979_0.png
000000012093,000000012093_0.png
1003163366,1003163366_0.png
000000022907,000000022907_0.png
000000045785,000000045785_0.png
000000022180,000000022180_0.png
000000011569,000000011569_0.png
000000010037,000000010037_0.png
000000003915,000000003915_0.png
000000017882,000000017882_0.png
000000013719,000000013719_0.png
000000003602,000000003602_0.png
100716317,100716317_0.png
000000050054,000000050054_0.png
135515207,135515207_0.png
000000032060,000000032060_0.png
000000014677,000000014677_0.png
000000049037,000000049037_0.png
000000009372,000000009372_0.png
000000010222,000000010222_0.png
000000013550,000000013550_0.png
000000011265,000000011265_0.png
000000067956,000000067956_0.png
000000010077,000000010077_0.png
000000007159,000000007159_0.png
000000044437,000000044437_0.png
000000043510,000000043510_0.png
000000010818,000000010818_0.png
000000014285,000000014285_0.png
000000022326,000000022326_0.png
000000020001,000000020001_0.png
000000001244,000000001244_0.png
000000072519,000000072519_0.png
000000014928,000000014928_0.png
000000014740,000000014740_0.png
000000018059,000000018059_0.png
000000016346,000000016346_0.png
000000019448,000000019448_0.png
000000002614,000000002614_0.png
000000018654,000000018654_0.png
000000018866,000000018866_0.png
000000022275,000000022275_0.png
000000013720,000000013720_0.png
000000063347,000000063347_0.png
000000033861,000000033861_0.png
000000065601,000000065601_0.png
000000036748,000000036748_0.png
000000005620,000000005620_0.png
000000013671,000000013671_0.png
000000016412,000000016412_0.png
000000050481,000000050481_0.png
000000046099,000000046099_0.png
102268204,102268204_0.png
000000012349,000000012349_0.png
000000048034,000000048034_0.png
000000016025,000000016025_0.png
000000047596,000000047596_0.png
000000019499,000000019499_0.png
000000026260,000000026260_0.png
000000047164,000000047164_0.png
000000014388,000000014388_0.png
000000013182,000000013182_0.png
000000015895,000000015895_0.png
133684581,133684581_0.png
000000069978,000000069978_0.png
000000056109,000000056109_0.png
000000048388,000000048388_0.png
000000019447,000000019447_0.png
000000044594,000000044594_0.png
000000015850,000000015850_0.png
000000075775,000000075775_0.png
101001624,101001624_0.png
000000023793,000000023793_0.png
000000034246,000000034246_0.png
000000058137,000000058137_0.png
000000009275,000000009275_0.png
000000002972,000000002972_0.png
000000001682,000000001682_0.png
000000010434,000000010434_0.png
000000016977,000000016977_0.png
000000000400,000000000400_0.png
000000016616,000000016616_0.png
000000035589,000000035589_0.png
000000024305,000000024305_0.png
000000017057,000000017057_0.png
000000011948,000000011948_0.png
000000044911,000000044911_0.png
000000066460,000000066460_0.png
000000034475,000000034475_0.png
000000057005,000000057005_0.png
000000044839,000000044839_0.png
000000011276,000000011276_0.png
1028205764,1028205764_0.png
000000013132,000000013132_0.png
000000047742,000000047742_0.png
000000001144,000000001144_0.png
000000019456,000000019456_0.png
000000003899,000000003899_0.png
1242394484,1242394484_0.png
000000021285,000000021285_0.png
000000010276,000000010276_0.png
000000010539,000000010539_0.png
000000012706,000000012706_0.png
000000000510,000000000510_0.png
000000016706,000000016706_0.png
000000021786,000000021786_0.png
000000020044,000000020044_0.png
000000016355,000000016355_0.png
000000047563,000000047563_0.png
000000002842,000000002842_0.png
000000011288,000000011288_0.png
000000017311,000000017311_0.png
000000001453,000000001453_0.png
000000014686,000000014686_0.png
000000046563,000000046563_0.png
000000001149,000000001149_0.png
000000015644,000000015644_0.png
000000023603,000000023603_0.png
135436842,135436842_0.png
000000013325,000000013325_0.png
000000035456,000000035456_0.png
000000032124,000000032124_0.png
1281282435,1281282435_0.png
000000013420,000000013420_0.png
000000004212,000000004212_0.png
000000013797,000000013797_0.png
000000023255,000000023255_0.png
000000021717,000000021717_0.png
10090841,10090841_0.png
000000016905,000000016905_0.png
000000022014,000000022014_0.png
000000001431,000000001431_0.png
000000003320,000000003320_0.png
000000016243,000000016243_0.png
000000022287,000000022287_0.png
108149945,108149945_0.png
000000026438,000000026438_0.png
000000021889,000000021889_0.png
000000018425,000000018425_0.png
000000067407,000000067407_0.png
000000010211,000000010211_0.png
000000026734,000000026734_0.png
000000001518,000000001518_0.png
107969134,107969134_0.png
102575576,102575576_0.png
000000060034,000000060034_0.png
000000007621,000000007621_0.png
000000023405,000000023405_0.png
000000003220,000000003220_0.png
000000015846,000000015846_0.png
000000012321,000000012321_0.png
000000003493,000000003493_0.png
000000011402,000000011402_0.png
000000013909,000000013909_0.png
000000064048,000000064048_0.png
000000034866,000000034866_0.png
000000043305,000000043305_0.png
000000024112,000000024112_0.png
000000003481,000000003481_0.png
000000025433,000000025433_0.png
000000045084,000000045084_0.png
000000015070,000000015070_0.png
000000049097,000000049097_0.png
1094283901,1094283901_0.png
000000014502,000000014502_0.png
000000002142,000000002142_0.png
000000012313,000000012313_0.png
000000021711,000000021711_0.png
000000004180,000000004180_0.png
000000000071,000000000071_0.png
1287704027,1287704027_0.png
000000003532,000000003532_0.png
000000044800,000000044800_0.png
000000021645,000000021645_0.png
000000019755,000000019755_0.png
000000023298,000000023298_0.png
000000012673,000000012673_0.png
1130295306,1130295306_0.png
000000000077,000000000077_0.png
000000016673,000000016673_0.png
000000043657,000000043657_0.png
000000006226,000000006226_0.png
000000000999,000000000999_0.png
000000062740,000000062740_0.png
000000022213,000000022213_0.png
000000055223,000000055223_0.png
000000000109,000000000109_0.png
000000045844,000000045844_0.png
000000019446,000000019446_0.png
000000010014,000000010014_0.png
000000016575,000000016575_0.png
000000026504,000000026504_0.png
000000016418,000000016418_0.png
000000069266,000000069266_0.png
000000012946,000000012946_0.png
1028982826,1028982826_0.png
000000022671,000000022671_0.png
000000030838,000000030838_0.png
000000009446,000000009446_0.png
000000011340,000000011340_0.png
000000012993,000000012993_0.png
1001633352,1001633352_0.png
000000011690,000000011690_0.png
000000046149,000000046149_0.png
000000047125,000000047125_0.png
000000021528,000000021528_0.png
000000024036,000000024036_0.png
000000010867,000000010867_0.png
000000045195,000000045195_0.png
000000027208,000000027208_0.png
000000020184,000000020184_0.png
000000049886,000000049886_0.png
000000011300,000000011300_0.png
000000021400,000000021400_0.png
000000051504,000000051504_0.png
000000045594,000000045594_0.png
000000067445,000000067445_0.png
000000011494,000000011494_0.png
000000011926,000000011926_0.png
000000013372,000000013372_0.png
1010470346,1010470346_0.png
000000027578,000000027578_0.png
1269844288,1269844288_0.png
000000025358,000000025358_0.png
000000012421,000000012421_0.png
1019077836,1019077836_0.png
000000021222,000000021222_0.png
000000021983,000000021983_0.png
000000013763,000000013763_0.png
000000074099,000000074099_0.png
000000019375,000000019375_0.png
000000010719,000000010719_0.png
000000012547,000000012547_0.png
000000019185,000000019185_0.png
1001545525,1001545525_0.png
000000024375,000000024375_0.png
000000023875,000000023875_0.png
000000023703,000000023703_0.png
000000029075,000000029075_0.png
000000011004,000000011004_0.png
000000014543,000000014543_0.png
000000021212,000000021212_0.png
000000048101,000000048101_0.png
000000003823,000000003823_0.png
000000029587,000000029587_0.png
000000048150,000000048150_0.png
000000046269,000000046269_0.png
000000004286,000000004286_0.png
000000011613,000000011613_0.png
000000019899,000000019899_0.png
1014785440,1014785440_0.png
1029450589,1029450589_0.png
000000044575,000000044575_0.png
1030041880,1030041880_0.png
000000010138,000000010138_0.png
000000012544,000000012544_0.png
000000013943,000000013943_0.png
000000018270,000000018270_0.png
000000051168,000000051168_0.png
000000048794,000000048794_0.png
000000063974,000000063974_0.png
000000002089,000000002089_0.png
000000003579,000000003579_0.png
000000000520,000000000520_0.png
000000000349,000000000349_0.png
000000028766,000000028766_0.png
000000012398,000000012398_0.png
000000011034,000000011034_0.png
000000049080,000000049080_0.png
000000007710,000000007710_0.png
000000003932,000000003932_0.png
000000014175,000000014175_0.png
000000023378,000000023378_0.png
101262930,101262930_0.png
000000005614,000000005614_0.png
000000011264,000000011264_0.png
000000004527,000000004527_0.png
000000013296,000000013296_0.png
000000011802,000000011802_0.png
000000022154,000000022154_0.png
000000022850,000000022850_0.png
000000016060,000000016060_0.png
000000048972,000000048972_0.png
000000032206,000000032206_0.png
000000045446,000000045446_0.png
000000020308,000000020308_0.png
000000010405,000000010405_0.png
000000027611,000000027611_0.png
1031973097,1031973097_0.png
000000010936,000000010936_0.png
000000011065,000000011065_0.png
000000012459,000000012459_0.png
000000026503,000000026503_0.png
000000001232,000000001232_0.png
000000022575,000000022575_0.png
000000011260,000000011260_0.png
000000041389,000000041389_0.png
000000017474,000000017474_0.png
000000004678,000000004678_0.png
000000025551,000000025551_0.png
000000046634,000000046634_0.png
000000044910,000000044910_0.png
000000028714,000000028714_0.png
000000020774,000000020774_0.png
000000011856,000000011856_0.png
000000045284,000000045284_0.png
000000019523,000000019523_0.png
000000001323,000000001323_0.png
000000024714,000000024714_0.png
000000004244,000000004244_0.png
000000001888,000000001888_0.png
000000011258,000000011258_0.png
000000017520,000000017520_0.png
000000015302,000000015302_0.png
000000062995,000000062995_0.png
000000003382,000000003382_0.png
000000001011,000000001011_0.png
000000018584,000000018584_0.png
000000009833,000000009833_0.png
000000049424,000000049424_0.png
000000008119,000000008119_0.png
000000002498,000000002498_0.png
000000044644,000000044644_0.png
000000010710,000000010710_0.png
000000003535,000000003535_0.png
000000037675,000000037675_0.png
000000021926,000000021926_0.png
000000060622,000000060622_0.png
000000016499,000000016499_0.png
000000052516,000000052516_0.png
000000014219,000000014219_0.png
000000002164,000000002164_0.png
000000022979,000000022979_0.png
000000063587,000000063587_0.png
000000059526,000000059526_0.png
000000070321,000000070321_0.png
000000036123,000000036123_0.png
000000013670,000000013670_0.png
000000049508,000000049508_0.png
000000011618,000000011618_0.png
000000050434,000000050434_0.png
000000000338,000000000338_0.png
1021439420,1021439420_0.png
000000044950,000000044950_0.png
1222063706,1222063706_0.png
000000013333,000000013333_0.png
000000066789,000000066789_0.png
000000024259,000000024259_0.png
000000025528,000000025528_0.png
000000003378,000000003378_0.png
000000000263,000000000263_0.png
000000016677,000000016677_0.png
1006452823,1006452823_0.png
000000012887,000000012887_0.png
000000001580,000000001580_0.png
000000028885,000000028885_0.png
000000013489,000000013489_0.png
000000027158,000000027158_0.png
000000021571,000000021571_0.png
000000034223,000000034223_0.png
000000001053,000000001053_0.png
000000022281,000000022281_0.png
000000012382,000000012382_0.png
000000004219,000000004219_0.png
000000009800,000000009800_0.png
000000021029,000000021029_0.png
000000014484,000000014484_0.png
000000029607,000000029607_0.png
000000035322,000000035322_0.png
000000044065,000000044065_0.png
000000021780,000000021780_0.png
000000002754,000000002754_0.png
000000047734,000000047734_0.png
000000023199,000000023199_0.png
000000043960,000000043960_0.png
1039637574,1039637574_0.png
000000001436,000000001436_0.png
000000020935,000000020935_0.png
000000056724,000000056724_0.png
000000009409,000000009409_0.png
000000016672,000000016672_0.png
000000015663,000000015663_0.png
000000069286,000000069286_0.png
000000000781,000000000781_0.png
000000015289,000000015289_0.png
000000040286,000000040286_0.png
000000043411,000000043411_0.png
000000014635,000000014635_0.png
000000013948,000000013948_0.png
000000014297,000000014297_0.png
000000045593,000000045593_0.png
000000066373,000000066373_0.png
000000009488,000000009488_0.png
000000014470,000000014470_0.png
000000013159,000000013159_0.png
000000051278,000000051278_0.png
000000024086,000000024086_0.png
000000003442,000000003442_0.png
000000011107,000000011107_0.png
000000044946,000000044946_0.png
000000011826,000000011826_0.png
000000010701,000000010701_0.png
000000066056,000000066056_0.png
110671345,110671345_0.png
000000010639,000000010639_0.png
000000067259,000000067259_0.png
000000020839,000000020839_0.png
000000044454,000000044454_0.png
1000344755,1000344755_0.png
000000048971,000000048971_0.png
000000061159,000000061159_0.png
000000044341,000000044341_0.png
000000048759,000000048759_0.png
1000268201,1000268201_0.png
101859883,101859883_0.png
000000013283,000000013283_0.png
000000046526,000000046526_0.png
000000001424,000000001424_0.png
000000025996,000000025996_0.png
000000030643,000000030643_0.png
000000056432,000000056432_0.png
000000020853,000000020853_0.png
000000040515,000000040515_0.png
000000001911,000000001911_0.png
000000021423,000000021423_0.png
102520526,102520526_0.png
000000043806,000000043806_0.png
000000010689,000000010689_0.png
000000009045,000000009045_0.png
000000051342,000000051342_0.png
000000010472,000000010472_0.png
000000012818,000000012818_0.png
000000002985,000000002985_0.png
000000009999,000000009999_0.png
000000016964,000000016964_0.png
000000019374,000000019374_0.png
000000003249,000000003249_0.png
000000000908,000000000908_0.png
000000004331,000000004331_0.png
000000045026,000000045026_0.png
000000047367,000000047367_0.png
000000003685,000000003685_0.png
000000021051,000000021051_0.png
000000018802,000000018802_0.png
000000062173,000000062173_0.png
000000010192,000000010192_0.png
000000047263,000000047263_0.png
000000059455,000000059455_0.png
000000021248,000000021248_0.png
000000043809,000000043809_0.png
000000064870,000000064870_0.png
000000016547,000000016547_0.png
000000017708,000000017708_0.png
000000045165,000000045165_0.png
1088767354,1088767354_0.png
000000044372,000000044372_0.png
000000020904,000000020904_0.png
000000012240,000000012240_0.png
000000022680,000000022680_0.png
000000020193,000000020193_0.png
000000022256,000000022256_0.png
1059514525,1059514525_0.png
000000012283,000000012283_0.png
000000020777,000000020777_0.png
000000010275,000000010275_0.png
000000011209,000000011209_0.png
000000032270,000000032270_0.png
000000031017,000000031017_0.png
000000010056,000000010056_0.png
000000011326,000000011326_0.png
000000044810,000000044810_0.png
000000060093,000000060093_0.png
000000000490,000000000490_0.png
000000014271,000000014271_0.png
000000022032,000000022032_0.png
1193746118,1193746118_0.png
000000008965,000000008965_0.png
132717787,132717787_0.png
000000018464,000000018464_0.png
000000026209,000000026209_0.png
000000019769,000000019769_0.png
000000013127,000000013127_0.png
000000003837,000000003837_0.png
1303157527,1303157527_0.png
000000024260,000000024260_0.png
000000028676,000000028676_0.png
000000000165,000000000165_0.png
1018148011,1018148011_0.png
000000012711,000000012711_0.png
000000007125,000000007125_0.png
000000024689,000000024689_0.png
000000010498,000000010498_0.png
000000020971,000000020971_0.png
000000015843,000000015843_0.png
000000010613,000000010613_0.png
000000011552,000000011552_0.png
000000032456,000000032456_0.png
000000012891,000000012891_0.png
000000050161,000000050161_0.png
000000034151,000000034151_0.png
000000002154,000000002154_0.png
000000010041,000000010041_0.png
000000049346,000000049346_0.png
000000026517,000000026517_0.png
1021442086,1021442086_0.png
000000010058,000000010058_0.png
000000012408,000000012408_0.png
000000000939,000000000939_0.png
000000018723,000000018723_0.png
000000012805,000000012805_0.png
000000044998,000000044998_0.png
000000045492,000000045492_0.png
000000019712,000000019712_0.png
000000010318,000000010318_0.png
000000043513,000000043513_0.png
000000026913,000000026913_0.png
000000023140,000000023140_0.png
000000012509,000000012509_0.png
000000012620,000000012620_0.png
000000020315,000000020315_0.png
000000017468,000000017468_0.png
1018057225,1018057225_0.png
000000036041,000000036041_0.png
000000011519,000000011519_0.png
000000000312,000000000312_0.png
000000044953,000000044953_0.png
000000023162,000000023162_0.png
000000015110,000000015110_0.png
000000009941,000000009941_0.png
000000010040,000000010040_0.png
000000007124,000000007124_0.png
000000019435,000000019435_0.png
000000013463,000000013463_0.png
000000044045,000000044045_0.png
1012150929,1012150929_0.png
000000022487,000000022487_0.png
000000033631,000000033631_0.png
134857559,134857559_0.png
1053243591,1053243591_0.png
000000023879,000000023879_0.png
133087820,133087820_0.png
134867998,134867998_0.png
000000045537,000000045537_0.png
000000012938,000000012938_0.png
000000013944,000000013944_0.png
000000021981,000000021981_0.png
000000001554,000000001554_0.png
000000020644,000000020644_0.png
000000003590,000000003590_0.png
000000064800,000000064800_0.png
000000017938,000000017938_0.png
000000049553,000000049553_0.png
1032122270,1032122270_0.png
000000026304,000000026304_0.png
000000013455,000000013455_0.png
000000017927,000000017927_0.png
000000011791,000000011791_0.png
000000013279,000000013279_0.png
000000048066,000000048066_0.png
000000050462,000000050462_0.png
